{
  "id": "chargen1547_v2",
  "title": "Character Creator (1547)",
  "description": "Character creation system with careers, roll tables, and skill tree integration.",
  "version": "0.0.23",
  "compatibility": {
    "minimum": "11",
    "verified": "13.350"
  },
  "authors": [ { "name": "Kai" } ],
  "esmodules": [ "scripts/init.js" ],
  "styles": [ "css/chargen.css" ],
  "relationships": {
    "requires": [
      {
        "id": "skilltree-helper",
        "type": "module",
        "compatibility": { "minimum": "0.0.1" }
      }
    ]
  },
  "url": "https://github.com/KaiSevelin/chargen1547",
  "manifest": "https://raw.githubusercontent.com/KaiSevelin/chargen1547/master/module.json",
  "download": "https://raw.githubusercontent.com/KaiSevelin/chargen1547/master/chargen1547.zip"
}