{
	"id": "enrich1547",
	"title": "enrich1547",
	"description": "Adds a 1547 dice enricher",
	"version": "0.0.1",
	"compatibility": {
		"minimum": "11",
		"verified": "13.350"
	},
	"authors": [
		{
			"name": "Kai"
		}
	],
	"relationships": [
		{
			"type": "requires",
			"id": "dice-so-nice"
		}
	],
	"esmodules": [
		"./modules/enrich-1547.js"
	],
	"styles": [
		"./css/1547-enricher.css"
	],
	"url": "https://github.com/KaiSevelin/enrich1547",
	"manifest": "https://github.com/KaiSevelin/enrich1547/master/module.json",
	"download": "https://github.com/KaiSevelin/enrich1547/master/fvtt-enrich1547.zip"
}